field_id	lba	start	end	length	profile_axis	profile	semantic_type	meaning	decode_rule	encode_rule	ownership	evolution_kind	producer_evidence	consumer_evidence	physical_evidence	implementation_provenance	code_symbol	test_symbol	semantic_status	implementation_status	behavior_test_status	ownership_test_symbol
lba0.compat_190_19f	0	190	19f	16	base	all	UnownedBacking	Cross-profile preserved compatibility backing.	No EDP payload semantics.	Preserve bytes.	owner	Stable	S-WIN-CURRENT;S-NETAC-MBR	S-WIN-CURRENT	P-GOLD-ENC;P-GOLD-NOPWD	Canonical COMPLETE semantics; provenance limits remain documented.	edpcli::protocol::lba0::parse_lba0	basic_behavior::lba0_profiles_decode_mbr_and_preserve_backing	COMPLETE	COMPLETE	COMPLETE	protocol_field_catalog::field_catalog_has_exact_byte_ownership_for_every_profile_state
lba0.compat_1a4_1b4	0	1a4	1b4	17	base	all	UnownedBacking	Preserved compatibility backing after optional SectorSize.	No EDP payload semantics.	Preserve bytes.	owner	Stable	S-WIN-CURRENT;S-NETAC-MBR	S-WIN-CURRENT	P-GOLD-ENC	Canonical COMPLETE semantics; provenance limits remain documented.	edpcli::protocol::lba0::parse_lba0	basic_behavior::lba0_profiles_decode_mbr_and_preserve_backing	COMPLETE	COMPLETE	COMPLETE	protocol_field_catalog::field_catalog_has_exact_byte_ownership_for_every_profile_state
lba0.legacy_message_ptrs	0	1b5	1b7	3	base	all	CompatibilityField	Legacy MBR error-message pointer bytes.	Interpret only with UsbMainBSec bootstrap.	Keep template bytes or zero state.	owner	AddedRemoved	S-WIN-CURRENT	S-WIN-CURRENT	P-GOLD-ENC	Canonical COMPLETE semantics; provenance limits remain documented.	edpcli::protocol::lba0::parse_lba0	basic_behavior::lba0_profiles_decode_mbr_and_preserve_backing	COMPLETE	COMPLETE	COMPLETE	protocol_field_catalog::field_catalog_has_exact_byte_ownership_for_every_profile_state
lba0.mbr_disk_signature	0	1b8	1bb	4	base	all	Scalar	Standard MBR disk signature.	Decode LE u32.	Preserve standard signature.	owner	Stable	S-WIN-CURRENT	S-WIN-CURRENT	P-GOLD-ENC	Canonical COMPLETE semantics; provenance limits remain documented.	edpcli::protocol::lba0::parse_lba0	basic_behavior::lba0_profiles_decode_mbr_and_preserve_backing	COMPLETE	COMPLETE	COMPLETE	protocol_field_catalog::field_catalog_has_exact_byte_ownership_for_every_profile_state
lba0.mbr_reserved	0	1bc	1bd	2	base	all	UnownedBacking	Standard MBR reserved word.	No EDP business meaning.	Preserve bytes.	owner	Stable	S-WIN-CURRENT;S-NETAC-MBR	S-WIN-CURRENT	P-GOLD-ENC	Canonical COMPLETE semantics; provenance limits remain documented.	edpcli::protocol::lba0::parse_lba0	basic_behavior::lba0_profiles_decode_mbr_and_preserve_backing	COMPLETE	COMPLETE	COMPLETE	protocol_field_catalog::field_catalog_has_exact_byte_ownership_for_every_profile_state
lba0.partition_table	0	1be	1fd	64	base	all	PackedStruct	Four standard MBR partition entries.	Decode four 16-byte entries.	Serialize/restore MBR entries.	owner	Stable	S-WIN-CURRENT;S-NETAC-MBR	S-REPAIR-CURRENT	P-GOLD-ENC;P-GOLD-NOPWD	Canonical COMPLETE semantics; provenance limits remain documented.	edpcli::protocol::lba0::parse_lba0	basic_behavior::lba0_profiles_decode_mbr_and_preserve_backing	COMPLETE	COMPLETE	COMPLETE	protocol_field_catalog::field_catalog_has_exact_byte_ownership_for_every_profile_state
lba0.signature_55aa	0	1fe	1ff	2	base	all	Scalar	MBR 55AA signature.	Validate 55 AA.	Write 55 AA.	owner	Stable	S-WIN-CURRENT;S-NETAC-MBR	S-REPAIR-CURRENT	P-GOLD-ENC	Canonical COMPLETE semantics; provenance limits remain documented.	edpcli::protocol::lba0::parse_lba0	basic_behavior::lba0_profiles_decode_mbr_and_preserve_backing	COMPLETE	COMPLETE	COMPLETE	protocol_field_catalog::field_catalog_has_exact_byte_ownership_for_every_profile_state
lba4.onlyid_header	4	000	017	24	base	all	CString	Clear $$$onlyid$$$ header.	Parse main onlyid.	Format canonical header.	owner	Stable	S-WIN-CURRENT;S-WIN-191141	S-WIN-CURRENT;S-LINUX-DWARF	P-GOLD-ENC;P-GOLD-NOPWD	Canonical COMPLETE semantics; provenance limits remain documented.	planned:protocol::lba4::onlyid_header	UNIMPLEMENTED	COMPLETE	PLANNED	PLANNED	protocol_field_catalog::field_catalog_has_exact_byte_ownership_for_every_profile_state
lba5.write_probe_scratch	5	000	1ff	512	base	all	OpaquePreserve	Opaque write-protection probe scratch sector.	Treat payload as opaque.	Preserve exact sector.	owner	Stable	S-WIN-CURRENT	S-WIN-CURRENT	P-GOLD-ENC	Canonical COMPLETE semantics; provenance limits remain documented.	edpcli::protocol::lba5::parse_lba5	basic_behavior::opaque_sectors_preserve_every_byte_without_inventing_manufacturer_semantics	COMPLETE	COMPLETE	COMPLETE	protocol_field_catalog::field_catalog_has_exact_byte_ownership_for_every_profile_state
lba6.template_040_04f	6	040	04f	16	base	all	CompatibilityField	UsbMainBSec static template.	Decode field; C-strings stop at first NUL.	Serialize canonical field and preserve documented backing.	owner	Stable	S-WIN-CURRENT;S-LINUX-DWARF	S-WIN-CURRENT;S-LINUX-DWARF	P-GOLD-ENC;P-GOLD-NOPWD	Canonical COMPLETE semantics; provenance limits remain documented.	planned:protocol::lba6::template_040_04f	UNIMPLEMENTED	COMPLETE	PLANNED	PLANNED	protocol_field_catalog::field_catalog_has_exact_byte_ownership_for_every_profile_state
lba6.user_slot	6	050	06f	32	base	all	CString	User slot; post-NUL backing.	Decode field; C-strings stop at first NUL.	Serialize canonical field and preserve documented backing.	owner	Stable	S-WIN-CURRENT;S-LINUX-DWARF	S-WIN-CURRENT;S-LINUX-DWARF	P-GOLD-ENC;P-GOLD-NOPWD	Canonical COMPLETE semantics; provenance limits remain documented.	planned:protocol::lba6::user_slot	UNIMPLEMENTED	COMPLETE	PLANNED	PLANNED	protocol_field_catalog::field_catalog_has_exact_byte_ownership_for_every_profile_state
lba6.autonum_slot	6	070	07f	16	base	all	CString	Autonum slot; post-NUL backing.	Decode field; C-strings stop at first NUL.	Serialize canonical field and preserve documented backing.	owner	Stable	S-WIN-CURRENT;S-LINUX-DWARF	S-WIN-CURRENT;S-LINUX-DWARF	P-GOLD-ENC;P-GOLD-NOPWD	Canonical COMPLETE semantics; provenance limits remain documented.	planned:protocol::lba6::autonum_slot	UNIMPLEMENTED	COMPLETE	PLANNED	PLANNED	protocol_field_catalog::field_catalog_has_exact_byte_ownership_for_every_profile_state
lba6.office_slot	6	080	0bf	64	base	all	CString	Office slot; post-NUL backing.	Decode field; C-strings stop at first NUL.	Serialize canonical field and preserve documented backing.	owner	Stable	S-WIN-CURRENT;S-LINUX-DWARF	S-WIN-CURRENT;S-LINUX-DWARF	P-GOLD-ENC;P-GOLD-NOPWD	Canonical COMPLETE semantics; provenance limits remain documented.	planned:protocol::lba6::office_slot	UNIMPLEMENTED	COMPLETE	PLANNED	PLANNED	protocol_field_catalog::field_catalog_has_exact_byte_ownership_for_every_profile_state
lba6.template_0c0_0ff	6	0c0	0ff	64	base	all	CompatibilityField	Static template material.	Decode field; C-strings stop at first NUL.	Serialize canonical field and preserve documented backing.	owner	Stable	S-WIN-CURRENT;S-LINUX-DWARF	S-WIN-CURRENT;S-LINUX-DWARF	P-GOLD-ENC;P-GOLD-NOPWD	Canonical COMPLETE semantics; provenance limits remain documented.	planned:protocol::lba6::template_0c0_0ff	UNIMPLEMENTED	COMPLETE	PLANNED	PLANNED	protocol_field_catalog::field_catalog_has_exact_byte_ownership_for_every_profile_state
lba6.device_crc	6	100	103	4	base	all	Scalar	CRC32(device_id).	Decode field; C-strings stop at first NUL.	Serialize canonical field and preserve documented backing.	owner	Stable	S-WIN-CURRENT;S-LINUX-DWARF	S-WIN-CURRENT;S-LINUX-DWARF	P-GOLD-ENC;P-GOLD-NOPWD	Canonical COMPLETE semantics; provenance limits remain documented.	planned:protocol::lba6::device_crc	UNIMPLEMENTED	COMPLETE	PLANNED	PLANNED	protocol_field_catalog::field_catalog_has_exact_byte_ownership_for_every_profile_state
lba6.device_crc_guard	6	104	107	4	base	all	Scalar	2*CRC32(device_id) compatibility guard.	Decode field; C-strings stop at first NUL.	Serialize canonical field and preserve documented backing.	owner	Stable	S-WIN-CURRENT;S-LINUX-DWARF	S-WIN-CURRENT;S-LINUX-DWARF	P-GOLD-ENC;P-GOLD-NOPWD	Canonical COMPLETE semantics; provenance limits remain documented.	planned:protocol::lba6::device_crc_guard	UNIMPLEMENTED	COMPLETE	PLANNED	PLANNED	protocol_field_catalog::field_catalog_has_exact_byte_ownership_for_every_profile_state
lba6.template_108_187	6	108	187	128	base	all	CompatibilityField	Static bootstrap/message template.	Decode field; C-strings stop at first NUL.	Serialize canonical field and preserve documented backing.	owner	Stable	S-WIN-CURRENT;S-LINUX-DWARF	S-WIN-CURRENT;S-LINUX-DWARF	P-GOLD-ENC;P-GOLD-NOPWD	Canonical COMPLETE semantics; provenance limits remain documented.	planned:protocol::lba6::template_108_187	UNIMPLEMENTED	COMPLETE	PLANNED	PLANNED	protocol_field_catalog::field_catalog_has_exact_byte_ownership_for_every_profile_state
lba6.label_slot	6	188	1bf	56	base	all	CString	Label slot with backing.	Decode field; C-strings stop at first NUL.	Serialize canonical field and preserve documented backing.	owner	Stable	S-WIN-CURRENT;S-LINUX-DWARF	S-WIN-CURRENT;S-LINUX-DWARF	P-GOLD-ENC;P-GOLD-NOPWD	Canonical COMPLETE semantics; provenance limits remain documented.	planned:protocol::lba6::label_slot	UNIMPLEMENTED	COMPLETE	PLANNED	PLANNED	protocol_field_catalog::field_catalog_has_exact_byte_ownership_for_every_profile_state
lba6.gserial_prefix	6	1c0	1c8	9	base	all	CString	GSerial prefix/terminator position.	Decode field; C-strings stop at first NUL.	Serialize canonical field and preserve documented backing.	owner	Stable	S-WIN-CURRENT;S-LINUX-DWARF	S-WIN-CURRENT;S-LINUX-DWARF	P-GOLD-ENC;P-GOLD-NOPWD	Canonical COMPLETE semantics; provenance limits remain documented.	planned:protocol::lba6::gserial_prefix	UNIMPLEMENTED	COMPLETE	PLANNED	PLANNED	protocol_field_catalog::field_catalog_has_exact_byte_ownership_for_every_profile_state
lba6.gserial_tail	6	1c9	1ce	6	base	all	CString	GSerial tail or post-NUL backing.	Decode field; C-strings stop at first NUL.	Serialize canonical field and preserve documented backing.	owner	Stable	S-WIN-CURRENT;S-LINUX-DWARF	S-WIN-CURRENT;S-LINUX-DWARF	P-GOLD-ENC;P-GOLD-NOPWD	Canonical COMPLETE semantics; provenance limits remain documented.	planned:protocol::lba6::gserial_tail	UNIMPLEMENTED	COMPLETE	PLANNED	PLANNED	protocol_field_catalog::field_catalog_has_exact_byte_ownership_for_every_profile_state
lba6.gserial_terminator	6	1cf	1cf	1	base	all	Scalar	Dedicated GSerial NUL.	Decode field; C-strings stop at first NUL.	Serialize canonical field and preserve documented backing.	owner	Stable	S-WIN-CURRENT;S-LINUX-DWARF	S-WIN-CURRENT;S-LINUX-DWARF	P-GOLD-ENC;P-GOLD-NOPWD	Canonical COMPLETE semantics; provenance limits remain documented.	planned:protocol::lba6::gserial_terminator	UNIMPLEMENTED	COMPLETE	PLANNED	PLANNED	protocol_field_catalog::field_catalog_has_exact_byte_ownership_for_every_profile_state
lba6.beizhu_head	6	1d0	1d0	1	base	all	CString	BeiZhu first byte/empty NUL.	Decode field; C-strings stop at first NUL.	Serialize canonical field and preserve documented backing.	owner	Stable	S-WIN-CURRENT;S-LINUX-DWARF	S-WIN-CURRENT;S-LINUX-DWARF	P-GOLD-ENC;P-GOLD-NOPWD	Canonical COMPLETE semantics; provenance limits remain documented.	planned:protocol::lba6::beizhu_head	UNIMPLEMENTED	COMPLETE	PLANNED	PLANNED	protocol_field_catalog::field_catalog_has_exact_byte_ownership_for_every_profile_state
lba6.beizhu_tail	6	1d1	1de	14	base	all	CString	BeiZhu tail or post-NUL backing.	Decode field; C-strings stop at first NUL.	Serialize canonical field and preserve documented backing.	owner	Stable	S-WIN-CURRENT;S-LINUX-DWARF	S-WIN-CURRENT;S-LINUX-DWARF	P-GOLD-ENC;P-GOLD-NOPWD	Canonical COMPLETE semantics; provenance limits remain documented.	planned:protocol::lba6::beizhu_tail	UNIMPLEMENTED	COMPLETE	PLANNED	PLANNED	protocol_field_catalog::field_catalog_has_exact_byte_ownership_for_every_profile_state
lba6.beizhu_terminator	6	1df	1df	1	base	all	Scalar	Dedicated BeiZhu NUL.	Decode field; C-strings stop at first NUL.	Serialize canonical field and preserve documented backing.	owner	Stable	S-WIN-CURRENT;S-LINUX-DWARF	S-WIN-CURRENT;S-LINUX-DWARF	P-GOLD-ENC;P-GOLD-NOPWD	Canonical COMPLETE semantics; provenance limits remain documented.	planned:protocol::lba6::beizhu_terminator	UNIMPLEMENTED	COMPLETE	PLANNED	PLANNED	protocol_field_catalog::field_catalog_has_exact_byte_ownership_for_every_profile_state
lba6.compat_1ee_1ef	6	1ee	1ef	2	base	all	CompatibilityField	Zero compatibility tail.	Decode field; C-strings stop at first NUL.	Serialize canonical field and preserve documented backing.	owner	Stable	S-WIN-CURRENT;S-LINUX-DWARF	S-WIN-CURRENT;S-LINUX-DWARF	P-GOLD-ENC;P-GOLD-NOPWD	Canonical COMPLETE semantics; provenance limits remain documented.	planned:protocol::lba6::compat_1ee_1ef	UNIMPLEMENTED	COMPLETE	PLANNED	PLANNED	protocol_field_catalog::field_catalog_has_exact_byte_ownership_for_every_profile_state
lba6.encrypt_generation_flag	6	1f0	1f3	4	base	all	Scalar	Write-only !SAFE m_encrypt metadata.	Decode field; C-strings stop at first NUL.	Serialize canonical field and preserve documented backing.	owner	Stable	S-WIN-CURRENT;S-LINUX-DWARF	S-WIN-CURRENT;S-LINUX-DWARF	P-GOLD-ENC;P-GOLD-NOPWD	Canonical COMPLETE semantics; provenance limits remain documented.	planned:protocol::lba6::encrypt_generation_flag	UNIMPLEMENTED	COMPLETE	PLANNED	PLANNED	protocol_field_catalog::field_catalog_has_exact_byte_ownership_for_every_profile_state
lba6.zero_tail	6	1f4	1fb	8	base	all	CompatibilityField	Static zero tail.	Decode field; C-strings stop at first NUL.	Serialize canonical field and preserve documented backing.	owner	Stable	S-WIN-CURRENT;S-LINUX-DWARF	S-WIN-CURRENT;S-LINUX-DWARF	P-GOLD-ENC;P-GOLD-NOPWD	Canonical COMPLETE semantics; provenance limits remain documented.	planned:protocol::lba6::zero_tail	UNIMPLEMENTED	COMPLETE	PLANNED	PLANNED	protocol_field_catalog::field_catalog_has_exact_byte_ownership_for_every_profile_state
lba6.checksum	6	1fc	1ff	4	base	all	Checksum	SAFE6 checksum over first 508 bytes.	Decode field; C-strings stop at first NUL.	Serialize canonical field and preserve documented backing.	owner	Stable	S-WIN-CURRENT;S-LINUX-DWARF	S-WIN-CURRENT;S-LINUX-DWARF	P-GOLD-ENC;P-GOLD-NOPWD	Canonical COMPLETE semantics; provenance limits remain documented.	planned:protocol::lba6::checksum	UNIMPLEMENTED	COMPLETE	PLANNED	PLANNED	protocol_field_catalog::field_catalog_has_exact_byte_ownership_for_every_profile_state
lba7.entries_0_1	7	000	07f	128	base	all	PackedStruct	Packed 64-byte legacy EDPF entries 0 and 1.	Decode 0x40-stride entries.	Serialize packed old-table form.	owner	Stable	S-WIN-CURRENT;S-LINUX-DWARF	S-WIN-CURRENT;S-LINUX-DWARF	P-GOLD-ENC;P-GOLD-NOPWD	Canonical COMPLETE semantics; provenance limits remain documented.	planned:protocol::lba7::entries_0_1	UNIMPLEMENTED	COMPLETE	PLANNED	PLANNED	protocol_field_catalog::field_catalog_has_exact_byte_ownership_for_every_profile_state
lba7.post_table_zero	7	0ce	1ff	306	base	all	CompatibilityField	Writer-owned zero region after table/pass-info.	No semantic fields.	Initialize to zero.	owner	Stable	S-WIN-CURRENT;S-LINUX-DWARF	S-WIN-CURRENT;S-LINUX-DWARF	P-GOLD-ENC;P-GOLD-NOPWD	Canonical COMPLETE semantics; provenance limits remain documented.	planned:protocol::lba7::post_table_zero	UNIMPLEMENTED	COMPLETE	PLANNED	PLANNED	protocol_field_catalog::field_catalog_has_exact_byte_ownership_for_every_profile_state
lba8.magic	8	000	003	4	base	all	Scalar	LLGB magic	Decode with LBA8 logical-length/ELABEL rules.	Serialize current field while preserving documented backing.	owner	Stable	S-WIN-CURRENT;S-LINUX-DWARF	S-WIN-CURRENT;S-LINUX-DWARF	P-GOLD-ENC;P-GOLD-NOPWD	Canonical COMPLETE semantics; provenance limits remain documented.	planned:protocol::lba8::magic	UNIMPLEMENTED	COMPLETE	PLANNED	PLANNED	protocol_field_catalog::field_catalog_has_exact_byte_ownership_for_every_profile_state
lba8.logical_length	8	004	007	4	base	all	Scalar	Logical encrypted-prefix length	Decode with LBA8 logical-length/ELABEL rules.	Serialize current field while preserving documented backing.	owner	Stable	S-WIN-CURRENT;S-LINUX-DWARF	S-WIN-CURRENT;S-LINUX-DWARF	P-GOLD-ENC;P-GOLD-NOPWD	Canonical COMPLETE semantics; provenance limits remain documented.	planned:protocol::lba8::logical_length	UNIMPLEMENTED	COMPLETE	PLANNED	PLANNED	protocol_field_catalog::field_catalog_has_exact_byte_ownership_for_every_profile_state
lba8.tool_version	8	008	00b	4	base	all	CompatibilityField	ToolVersion[4]	Decode with LBA8 logical-length/ELABEL rules.	Serialize current field while preserving documented backing.	owner	Stable	S-WIN-CURRENT;S-LINUX-DWARF	S-WIN-CURRENT;S-LINUX-DWARF	P-GOLD-ENC;P-GOLD-NOPWD	Canonical COMPLETE semantics; provenance limits remain documented.	planned:protocol::lba8::tool_version	UNIMPLEMENTED	COMPLETE	PLANNED	PLANNED	protocol_field_catalog::field_catalog_has_exact_byte_ownership_for_every_profile_state
lba8.lab_version	8	00c	00f	4	base	all	Scalar	Labversion	Decode with LBA8 logical-length/ELABEL rules.	Serialize current field while preserving documented backing.	owner	Stable	S-WIN-CURRENT;S-LINUX-DWARF	S-WIN-CURRENT;S-LINUX-DWARF	P-GOLD-ENC;P-GOLD-NOPWD	Canonical COMPLETE semantics; provenance limits remain documented.	planned:protocol::lba8::lab_version	UNIMPLEMENTED	COMPLETE	PLANNED	PLANNED	protocol_field_catalog::field_catalog_has_exact_byte_ownership_for_every_profile_state
lba8.write_time	8	010	013	4	base	all	Scalar	Monotonic-millisecond writeTime	Decode with LBA8 logical-length/ELABEL rules.	Serialize current field while preserving documented backing.	owner	Stable	S-WIN-CURRENT;S-LINUX-DWARF	S-WIN-CURRENT;S-LINUX-DWARF	P-GOLD-ENC;P-GOLD-NOPWD	Canonical COMPLETE semantics; provenance limits remain documented.	planned:protocol::lba8::write_time	UNIMPLEMENTED	COMPLETE	PLANNED	PLANNED	protocol_field_catalog::field_catalog_has_exact_byte_ownership_for_every_profile_state
lba8.host_hardinfo	8	014	017	4	base	all	CompatibilityField	HDSerialInfo host identity	Decode with LBA8 logical-length/ELABEL rules.	Serialize current field while preserving documented backing.	owner	Stable	S-WIN-CURRENT;S-LINUX-DWARF	S-WIN-CURRENT;S-LINUX-DWARF	P-GOLD-ENC;P-GOLD-NOPWD	Canonical COMPLETE semantics; provenance limits remain documented.	planned:protocol::lba8::host_hardinfo	UNIMPLEMENTED	COMPLETE	PLANNED	PLANNED	protocol_field_catalog::field_catalog_has_exact_byte_ownership_for_every_profile_state
lba8.mac_info	8	018	01d	6	base	all	CompatibilityField	MacInfo[6] reserved slot	Decode with LBA8 logical-length/ELABEL rules.	Serialize current field while preserving documented backing.	owner	Stable	S-WIN-CURRENT;S-LINUX-DWARF	S-WIN-CURRENT;S-LINUX-DWARF	P-GOLD-ENC;P-GOLD-NOPWD	Canonical COMPLETE semantics; provenance limits remain documented.	planned:protocol::lba8::mac_info	UNIMPLEMENTED	COMPLETE	PLANNED	PLANNED	protocol_field_catalog::field_catalog_has_exact_byte_ownership_for_every_profile_state
lba8.usb_only_suffix	8	02e	03d	16	base	all	CompatibilityField	UsbOnlyInfo suffix	Decode with LBA8 logical-length/ELABEL rules.	Serialize current field while preserving documented backing.	owner	Stable	S-WIN-CURRENT;S-LINUX-DWARF	S-WIN-CURRENT;S-LINUX-DWARF	P-GOLD-ENC;P-GOLD-NOPWD	Canonical COMPLETE semantics; provenance limits remain documented.	planned:protocol::lba8::usb_only_suffix	UNIMPLEMENTED	COMPLETE	PLANNED	PLANNED	protocol_field_catalog::field_catalog_has_exact_byte_ownership_for_every_profile_state
lba8.elab_offset	8	03e	03f	2	base	all	Scalar	ELABEL offset	Decode with LBA8 logical-length/ELABEL rules.	Serialize current field while preserving documented backing.	owner	Stable	S-WIN-CURRENT;S-LINUX-DWARF	S-WIN-CURRENT;S-LINUX-DWARF	P-GOLD-ENC;P-GOLD-NOPWD	Canonical COMPLETE semantics; provenance limits remain documented.	planned:protocol::lba8::elab_offset	UNIMPLEMENTED	COMPLETE	PLANNED	PLANNED	protocol_field_catalog::field_catalog_has_exact_byte_ownership_for_every_profile_state
lba8.reserved_040_07f	8	040	07f	64	base	all	CompatibilityField	Reserved zero header	Decode with LBA8 logical-length/ELABEL rules.	Serialize current field while preserving documented backing.	owner	Stable	S-WIN-CURRENT;S-LINUX-DWARF	S-WIN-CURRENT;S-LINUX-DWARF	P-GOLD-ENC;P-GOLD-NOPWD	Canonical COMPLETE semantics; provenance limits remain documented.	planned:protocol::lba8::reserved_040_07f	UNIMPLEMENTED	COMPLETE	PLANNED	PLANNED	protocol_field_catalog::field_catalog_has_exact_byte_ownership_for_every_profile_state
lba8.elabel_body	8	080	1ff	384	base	all	EncryptedRegion	Dynamic ELABEL body/backing/tail	Decode with LBA8 logical-length/ELABEL rules.	Serialize current field while preserving documented backing.	owner	Stable	S-WIN-CURRENT;S-LINUX-DWARF	S-WIN-CURRENT;S-LINUX-DWARF	P-GOLD-ENC;P-GOLD-NOPWD	Canonical COMPLETE semantics; provenance limits remain documented.	planned:protocol::lba8::elabel_body	UNIMPLEMENTED	COMPLETE	PLANNED	PLANNED	protocol_field_catalog::field_catalog_has_exact_byte_ownership_for_every_profile_state
lba0.bootstrap	0	000	18f	400	lba0_bootstrap	zero	CompatibilityField	Explicit-zero absent bootstrap.	Select this profile-level bootstrap image.	Write exact first-party image or explicit zero.	owner	ProducerChanged	S-WIN-CURRENT	S-WIN-CURRENT	P-GOLD-ENC	Selector provenance is separate from wire closure.	edpcli::protocol::lba0::parse_lba0	basic_behavior::lba0_profiles_decode_mbr_and_preserve_backing	COMPLETE	COMPLETE	COMPLETE	protocol_field_catalog::field_catalog_has_exact_byte_ownership_for_every_profile_state
lba0.bootstrap	0	000	18f	400	lba0_bootstrap	usb-main-bsec	PackedStruct	Official UsbMainBSec MBR bootstrap.	Select this profile-level bootstrap image.	Write exact first-party image or explicit zero.	owner	ProducerChanged	S-WIN-CURRENT	S-WIN-CURRENT	P-GOLD-ENC;P-GOLD-NOPWD	Selector provenance is separate from wire closure.	edpcli::protocol::lba0::parse_lba0	basic_behavior::lba0_profiles_decode_mbr_and_preserve_backing	COMPLETE	COMPLETE	COMPLETE	protocol_field_catalog::field_catalog_has_exact_byte_ownership_for_every_profile_state
lba0.bootstrap	0	000	18f	400	lba0_bootstrap	netac-mbr	PackedStruct	Netac embedded MBR bootstrap.	Select this profile-level bootstrap image.	Write exact first-party image or explicit zero.	owner	ProducerChanged	S-NETAC-MBR	S-WIN-CURRENT	P-GOLD-ENC	Selector provenance is separate from wire closure.	edpcli::protocol::lba0::parse_lba0	basic_behavior::lba0_profiles_decode_mbr_and_preserve_backing	COMPLETE	COMPLETE	COMPLETE	protocol_field_catalog::field_catalog_has_exact_byte_ownership_for_every_profile_state
lba0.sector_size_overlay	0	1a0	1a3	4	lba0_sector_size_overlay	absent	Scalar	SectorSize overlay absent.	Decode LE DWORD; zero is absent, 512 populated.	Preserve absent or write 512.	owner	AddedRemoved	S-WIN-CURRENT	S-WIN-CURRENT	P-GOLD-ENC	Independent from bootstrap family.	edpcli::protocol::lba0::parse_lba0	basic_behavior::lba0_profiles_decode_mbr_and_preserve_backing	COMPLETE	COMPLETE	COMPLETE	protocol_field_catalog::field_catalog_has_exact_byte_ownership_for_every_profile_state
lba0.sector_size_overlay	0	1a0	1a3	4	lba0_sector_size_overlay	sector-size-512	Scalar	SectorSize overlay stores LE 512.	Decode LE DWORD; zero is absent, 512 populated.	Preserve absent or write 512.	owner	AddedRemoved	S-WIN-CURRENT	S-WIN-CURRENT	P-GOLD-ENC	Independent from bootstrap family.	edpcli::protocol::lba0::parse_lba0	basic_behavior::lba0_profiles_decode_mbr_and_preserve_backing	COMPLETE	COMPLETE	COMPLETE	protocol_field_catalog::field_catalog_has_exact_byte_ownership_for_every_profile_state
lba1.gpt_primary	1	000	1ff	512	gpt_layout	absent	CompatibilityField	Absent GPT primary-header sector.	No GPT payload.	Preserve absent zero.	owner	AddedRemoved	S-WIN-CURRENT	S-WIN-CURRENT	P-GOLD-ENC	Physical corpus covers absent profile.	edpcli::protocol::lba1::parse_lba1	gpt_behavior::gpt_absent_is_explicit_and_unknown_never_defaults_to_absent	COMPLETE	COMPLETE	COMPLETE	protocol_field_catalog::field_catalog_has_exact_byte_ownership_for_every_profile_state
lba2.gpt_entries	2	000	1ff	512	gpt_layout	absent	CompatibilityField	Absent GPT entry sector.	No GPT entries.	Preserve absent zero.	owner	AddedRemoved	S-WIN-CURRENT	S-WIN-CURRENT	P-GOLD-ENC	Physical corpus covers absent profile.	edpcli::protocol::lba2::parse_lba2	gpt_behavior::gpt_absent_is_explicit_and_unknown_never_defaults_to_absent	COMPLETE	COMPLETE	COMPLETE	protocol_field_catalog::field_catalog_has_exact_byte_ownership_for_every_profile_state
lba1.gpt_primary	1	000	1ff	512	gpt_layout	enabled	PackedStruct	GPT primary header and template-owned remainder.	Decode EFI PART header/LBAs/GUIDs/CRCs.	Build official GPT header and CRCs.	owner	AddedRemoved	V-GPT	S-WIN-CURRENT	MISSING_PHYSICAL	Official virtual positive, not physical.	edpcli::protocol::lba1::parse_lba1	gpt_behavior::gpt_virtual_header_and_entries_are_typed_and_crc_checked	COMPLETE	COMPLETE	COMPLETE	protocol_field_catalog::field_catalog_has_exact_byte_ownership_for_every_profile_state
lba2.gpt_entry0	2	000	07f	128	gpt_layout	enabled	PackedStruct	Active GPT entry0.	Decode 128-byte entry.	Serialize official entry0.	owner	AddedRemoved	V-GPT	S-WIN-CURRENT;S-LINUX-DWARF	MISSING_PHYSICAL	Official virtual positive.	edpcli::protocol::lba2::parse_lba2	gpt_behavior::gpt_virtual_header_and_entries_are_typed_and_crc_checked	COMPLETE	COMPLETE	COMPLETE	protocol_field_catalog::field_catalog_has_exact_byte_ownership_for_every_profile_state
lba2.gpt_unused	2	080	1ff	384	gpt_layout	enabled	UnownedBacking	Unused GPT entries1..3.	Zero TypeGUID means residual is ignored.	Keep unused entries unowned.	owner	AddedRemoved	V-GPT	S-WIN-CURRENT;S-LINUX-DWARF	MISSING_PHYSICAL	Residual is semantically ignored after zero TypeGUID.	edpcli::protocol::lba2::parse_lba2	gpt_behavior::gpt_virtual_header_and_entries_are_typed_and_crc_checked	COMPLETE	COMPLETE	COMPLETE	protocol_field_catalog::field_catalog_has_exact_byte_ownership_for_every_profile_state
lba3.manufacturer_metadata	3	000	1ff	512	lba3_metadata	zero	OpaquePreserve	All-zero manufacturer metadata.	EDP does not decode payload.	Preserve exact sector; never normalize.	owner	ProducerChanged	S-WIN-CURRENT;S-WIN-191141-LBA3	S-REPAIR-2021	P-GOLD-ENC	Manufacturer serializer is outside EDP boundary.	edpcli::protocol::lba3::parse_lba3	basic_behavior::opaque_sectors_preserve_every_byte_without_inventing_manufacturer_semantics	COMPLETE	COMPLETE	COMPLETE	protocol_field_catalog::field_catalog_has_exact_byte_ownership_for_every_profile_state
lba3.manufacturer_metadata	3	000	1ff	512	lba3_metadata	kingston-mp-a	OpaquePreserve	Manufacturer MP profile A.	EDP does not decode payload.	Preserve exact sector; never normalize.	owner	ProducerChanged	S-WIN-CURRENT;S-WIN-191141-LBA3	S-REPAIR-2021	P-GOLD-ENC	Manufacturer serializer is outside EDP boundary.	edpcli::protocol::lba3::parse_lba3	basic_behavior::basic_parsers_replay_all_committed_physical_gold	COMPLETE	COMPLETE	COMPLETE	protocol_field_catalog::field_catalog_has_exact_byte_ownership_for_every_profile_state
lba3.manufacturer_metadata	3	000	1ff	512	lba3_metadata	historical-mp-b	OpaquePreserve	Distinct historical MP profile B.	EDP does not decode payload.	Preserve exact sector; never normalize.	owner	ProducerChanged	S-WIN-CURRENT;S-WIN-191141-LBA3	S-REPAIR-2021	P-GOLD-ENC	Manufacturer serializer is outside EDP boundary.	edpcli::protocol::lba3::parse_lba3	basic_behavior::opaque_sectors_preserve_every_byte_without_inventing_manufacturer_semantics	COMPLETE	COMPLETE	COMPLETE	protocol_field_catalog::field_catalog_has_exact_byte_ownership_for_every_profile_state
lba4.onlyid_xor8	4	018	01b	4	lba4_encoding	post-xor	Scalar	OnlyIdXor8 guard	Apply official rolling reader; keep wire and reader flag views distinct.	Full rolling then post-XOR overwrite +0x45/+0x46 from node flags.	owner	EncodingChanged	S-WIN-CURRENT;S-WIN-191141;V-LBA4-V19	S-WIN-CURRENT;S-LINUX-DWARF;S-REPAIR-2021	P-GOLD-ENC;P-GOLD-NOPWD	Encoding composes independently with producer overlays.	planned:protocol::lba4::onlyid_xor8	UNIMPLEMENTED	COMPLETE	PLANNED	PLANNED	protocol_field_catalog::field_catalog_has_exact_byte_ownership_for_every_profile_state
lba4.second_key	4	01c	01f	4	lba4_encoding	post-xor	Scalar	OnllyID2Nd activation key seed	Apply official rolling reader; keep wire and reader flag views distinct.	Full rolling then post-XOR overwrite +0x45/+0x46 from node flags.	owner	EncodingChanged	S-WIN-CURRENT;S-WIN-191141;V-LBA4-V19	S-WIN-CURRENT;S-LINUX-DWARF;S-REPAIR-2021	P-GOLD-ENC;P-GOLD-NOPWD	Encoding composes independently with producer overlays.	planned:protocol::lba4::second_key	UNIMPLEMENTED	COMPLETE	PLANNED	PLANNED	protocol_field_catalog::field_catalog_has_exact_byte_ownership_for_every_profile_state
lba4.hserial	4	020	033	20	lba4_encoding	post-xor	CompatibilityField	HSerialCRC[5] vector	Apply official rolling reader; keep wire and reader flag views distinct.	Full rolling then post-XOR overwrite +0x45/+0x46 from node flags.	owner	EncodingChanged	S-WIN-CURRENT;S-WIN-191141;V-LBA4-V19	S-WIN-CURRENT;S-LINUX-DWARF;S-REPAIR-2021	P-GOLD-ENC;P-GOLD-NOPWD	Encoding composes independently with producer overlays.	planned:protocol::lba4::hserial	UNIMPLEMENTED	COMPLETE	PLANNED	PLANNED	protocol_field_catalog::field_catalog_has_exact_byte_ownership_for_every_profile_state
lba4.single_usb	4	034	034	1	lba4_encoding	post-xor	CompatibilityField	SingleUsbFlg	Apply official rolling reader; keep wire and reader flag views distinct.	Full rolling then post-XOR overwrite +0x45/+0x46 from node flags.	owner	EncodingChanged	S-WIN-CURRENT;S-WIN-191141;V-LBA4-V19	S-WIN-CURRENT;S-LINUX-DWARF;S-REPAIR-2021	P-GOLD-ENC;P-GOLD-NOPWD	Encoding composes independently with producer overlays.	planned:protocol::lba4::single_usb	UNIMPLEMENTED	COMPLETE	PLANNED	PLANNED	protocol_field_catalog::field_catalog_has_exact_byte_ownership_for_every_profile_state
lba4.my_hardinfo	4	035	038	4	lba4_encoding	post-xor	CompatibilityField	MyHardinfo mirror	Apply official rolling reader; keep wire and reader flag views distinct.	Full rolling then post-XOR overwrite +0x45/+0x46 from node flags.	owner	EncodingChanged	S-WIN-CURRENT;S-WIN-191141;V-LBA4-V19	S-WIN-CURRENT;S-LINUX-DWARF;S-REPAIR-2021	P-GOLD-ENC;P-GOLD-NOPWD	Encoding composes independently with producer overlays.	planned:protocol::lba4::my_hardinfo	UNIMPLEMENTED	COMPLETE	PLANNED	PLANNED	protocol_field_catalog::field_catalog_has_exact_byte_ownership_for_every_profile_state
lba4.new_lab_flag	4	039	03c	4	lba4_encoding	post-xor	Scalar	NewLabFlag LLGB	Apply official rolling reader; keep wire and reader flag views distinct.	Full rolling then post-XOR overwrite +0x45/+0x46 from node flags.	owner	EncodingChanged	S-WIN-CURRENT;S-WIN-191141;V-LBA4-V19	S-WIN-CURRENT;S-LINUX-DWARF;S-REPAIR-2021	P-GOLD-ENC;P-GOLD-NOPWD	Encoding composes independently with producer overlays.	planned:protocol::lba4::new_lab_flag	UNIMPLEMENTED	COMPLETE	PLANNED	PLANNED	protocol_field_catalog::field_catalog_has_exact_byte_ownership_for_every_profile_state
lba4.version	4	03d	040	4	lba4_encoding	post-xor	Scalar	Version 1	Apply official rolling reader; keep wire and reader flag views distinct.	Full rolling then post-XOR overwrite +0x45/+0x46 from node flags.	owner	EncodingChanged	S-WIN-CURRENT;S-WIN-191141;V-LBA4-V19	S-WIN-CURRENT;S-LINUX-DWARF;S-REPAIR-2021	P-GOLD-ENC;P-GOLD-NOPWD	Encoding composes independently with producer overlays.	planned:protocol::lba4::version	UNIMPLEMENTED	COMPLETE	PLANNED	PLANNED	protocol_field_catalog::field_catalog_has_exact_byte_ownership_for_every_profile_state
lba4.sector_tuple	4	041	044	4	lba4_encoding	post-xor	CompatibilityField	Sector tuple 08 04 0C 01	Apply official rolling reader; keep wire and reader flag views distinct.	Full rolling then post-XOR overwrite +0x45/+0x46 from node flags.	owner	EncodingChanged	S-WIN-CURRENT;S-WIN-191141;V-LBA4-V19	S-WIN-CURRENT;S-LINUX-DWARF;S-REPAIR-2021	P-GOLD-ENC;P-GOLD-NOPWD	Encoding composes independently with producer overlays.	planned:protocol::lba4::sector_tuple	UNIMPLEMENTED	COMPLETE	PLANNED	PLANNED	protocol_field_catalog::field_catalog_has_exact_byte_ownership_for_every_profile_state
lba4.data_to_server	4	045	045	1	lba4_encoding	post-xor	CompatibilityField	bDataToServer	Apply official rolling reader; keep wire and reader flag views distinct.	Full rolling then post-XOR overwrite +0x45/+0x46 from node flags.	owner	EncodingChanged	S-WIN-CURRENT;S-WIN-191141;V-LBA4-V19	S-WIN-CURRENT;S-LINUX-DWARF;S-REPAIR-2021	P-GOLD-ENC;P-GOLD-NOPWD	Encoding composes independently with producer overlays.	planned:protocol::lba4::data_to_server	UNIMPLEMENTED	COMPLETE	PLANNED	PLANNED	protocol_field_catalog::field_catalog_has_exact_byte_ownership_for_every_profile_state
lba4.connect_server	4	046	046	1	lba4_encoding	post-xor	CompatibilityField	bConnetServer	Apply official rolling reader; keep wire and reader flag views distinct.	Full rolling then post-XOR overwrite +0x45/+0x46 from node flags.	owner	EncodingChanged	S-WIN-CURRENT;S-WIN-191141;V-LBA4-V19	S-WIN-CURRENT;S-LINUX-DWARF;S-REPAIR-2021	P-GOLD-ENC;P-GOLD-NOPWD	Encoding composes independently with producer overlays.	planned:protocol::lba4::connect_server	UNIMPLEMENTED	COMPLETE	PLANNED	PLANNED	protocol_field_catalog::field_catalog_has_exact_byte_ownership_for_every_profile_state
lba4.representation_backing	4	047	1fb	437	lba4_encoding	post-xor	UnownedBacking	Representation carrier/backing	Apply official rolling reader; keep wire and reader flag views distinct.	Full rolling then post-XOR overwrite +0x45/+0x46 from node flags.	owner	EncodingChanged	S-WIN-CURRENT;S-WIN-191141;V-LBA4-V19	S-WIN-CURRENT;S-LINUX-DWARF;S-REPAIR-2021	P-GOLD-ENC;P-GOLD-NOPWD	Encoding composes independently with producer overlays.	planned:protocol::lba4::representation_backing	UNIMPLEMENTED	COMPLETE	PLANNED	PLANNED	protocol_field_catalog::field_catalog_has_exact_byte_ownership_for_every_profile_state
lba4.trailing_llgb	4	1fc	1ff	4	lba4_encoding	post-xor	Scalar	Trailing LLGB	Apply official rolling reader; keep wire and reader flag views distinct.	Full rolling then post-XOR overwrite +0x45/+0x46 from node flags.	owner	EncodingChanged	S-WIN-CURRENT;S-WIN-191141;V-LBA4-V19	S-WIN-CURRENT;S-LINUX-DWARF;S-REPAIR-2021	P-GOLD-ENC;P-GOLD-NOPWD	Encoding composes independently with producer overlays.	planned:protocol::lba4::trailing_llgb	UNIMPLEMENTED	COMPLETE	PLANNED	PLANNED	protocol_field_catalog::field_catalog_has_exact_byte_ownership_for_every_profile_state
lba4.onlyid_xor8	4	018	01b	4	lba4_encoding	ordinary-rolling	Scalar	OnlyIdXor8 guard	Apply official rolling reader; logical flags follow rolling-decoded view.	Serialize through ordinary rolling without post-XOR flag reinterpretation.	owner	EncodingChanged	S-WIN-CURRENT;S-WIN-191141;V-LBA4-V19	S-WIN-CURRENT;S-LINUX-DWARF;S-REPAIR-2021	P-GOLD-ENC;P-GOLD-NOPWD	Encoding composes independently with producer overlays.	planned:protocol::lba4::onlyid_xor8	UNIMPLEMENTED	COMPLETE	PLANNED	PLANNED	protocol_field_catalog::field_catalog_has_exact_byte_ownership_for_every_profile_state
lba4.second_key	4	01c	01f	4	lba4_encoding	ordinary-rolling	Scalar	OnllyID2Nd activation key seed	Apply official rolling reader; logical flags follow rolling-decoded view.	Serialize through ordinary rolling without post-XOR flag reinterpretation.	owner	EncodingChanged	S-WIN-CURRENT;S-WIN-191141;V-LBA4-V19	S-WIN-CURRENT;S-LINUX-DWARF;S-REPAIR-2021	P-GOLD-ENC;P-GOLD-NOPWD	Encoding composes independently with producer overlays.	planned:protocol::lba4::second_key	UNIMPLEMENTED	COMPLETE	PLANNED	PLANNED	protocol_field_catalog::field_catalog_has_exact_byte_ownership_for_every_profile_state
lba4.hserial	4	020	033	20	lba4_encoding	ordinary-rolling	CompatibilityField	HSerialCRC[5] vector	Apply official rolling reader; logical flags follow rolling-decoded view.	Serialize through ordinary rolling without post-XOR flag reinterpretation.	owner	EncodingChanged	S-WIN-CURRENT;S-WIN-191141;V-LBA4-V19	S-WIN-CURRENT;S-LINUX-DWARF;S-REPAIR-2021	P-GOLD-ENC;P-GOLD-NOPWD	Encoding composes independently with producer overlays.	planned:protocol::lba4::hserial	UNIMPLEMENTED	COMPLETE	PLANNED	PLANNED	protocol_field_catalog::field_catalog_has_exact_byte_ownership_for_every_profile_state
lba4.single_usb	4	034	034	1	lba4_encoding	ordinary-rolling	CompatibilityField	SingleUsbFlg	Apply official rolling reader; logical flags follow rolling-decoded view.	Serialize through ordinary rolling without post-XOR flag reinterpretation.	owner	EncodingChanged	S-WIN-CURRENT;S-WIN-191141;V-LBA4-V19	S-WIN-CURRENT;S-LINUX-DWARF;S-REPAIR-2021	P-GOLD-ENC;P-GOLD-NOPWD	Encoding composes independently with producer overlays.	planned:protocol::lba4::single_usb	UNIMPLEMENTED	COMPLETE	PLANNED	PLANNED	protocol_field_catalog::field_catalog_has_exact_byte_ownership_for_every_profile_state
lba4.my_hardinfo	4	035	038	4	lba4_encoding	ordinary-rolling	CompatibilityField	MyHardinfo mirror	Apply official rolling reader; logical flags follow rolling-decoded view.	Serialize through ordinary rolling without post-XOR flag reinterpretation.	owner	EncodingChanged	S-WIN-CURRENT;S-WIN-191141;V-LBA4-V19	S-WIN-CURRENT;S-LINUX-DWARF;S-REPAIR-2021	P-GOLD-ENC;P-GOLD-NOPWD	Encoding composes independently with producer overlays.	planned:protocol::lba4::my_hardinfo	UNIMPLEMENTED	COMPLETE	PLANNED	PLANNED	protocol_field_catalog::field_catalog_has_exact_byte_ownership_for_every_profile_state
lba4.new_lab_flag	4	039	03c	4	lba4_encoding	ordinary-rolling	Scalar	NewLabFlag LLGB	Apply official rolling reader; logical flags follow rolling-decoded view.	Serialize through ordinary rolling without post-XOR flag reinterpretation.	owner	EncodingChanged	S-WIN-CURRENT;S-WIN-191141;V-LBA4-V19	S-WIN-CURRENT;S-LINUX-DWARF;S-REPAIR-2021	P-GOLD-ENC;P-GOLD-NOPWD	Encoding composes independently with producer overlays.	planned:protocol::lba4::new_lab_flag	UNIMPLEMENTED	COMPLETE	PLANNED	PLANNED	protocol_field_catalog::field_catalog_has_exact_byte_ownership_for_every_profile_state
lba4.version	4	03d	040	4	lba4_encoding	ordinary-rolling	Scalar	Version 1	Apply official rolling reader; logical flags follow rolling-decoded view.	Serialize through ordinary rolling without post-XOR flag reinterpretation.	owner	EncodingChanged	S-WIN-CURRENT;S-WIN-191141;V-LBA4-V19	S-WIN-CURRENT;S-LINUX-DWARF;S-REPAIR-2021	P-GOLD-ENC;P-GOLD-NOPWD	Encoding composes independently with producer overlays.	planned:protocol::lba4::version	UNIMPLEMENTED	COMPLETE	PLANNED	PLANNED	protocol_field_catalog::field_catalog_has_exact_byte_ownership_for_every_profile_state
lba4.sector_tuple	4	041	044	4	lba4_encoding	ordinary-rolling	CompatibilityField	Sector tuple 08 04 0C 01	Apply official rolling reader; logical flags follow rolling-decoded view.	Serialize through ordinary rolling without post-XOR flag reinterpretation.	owner	EncodingChanged	S-WIN-CURRENT;S-WIN-191141;V-LBA4-V19	S-WIN-CURRENT;S-LINUX-DWARF;S-REPAIR-2021	P-GOLD-ENC;P-GOLD-NOPWD	Encoding composes independently with producer overlays.	planned:protocol::lba4::sector_tuple	UNIMPLEMENTED	COMPLETE	PLANNED	PLANNED	protocol_field_catalog::field_catalog_has_exact_byte_ownership_for_every_profile_state
lba4.data_to_server	4	045	045	1	lba4_encoding	ordinary-rolling	CompatibilityField	bDataToServer	Apply official rolling reader; logical flags follow rolling-decoded view.	Serialize through ordinary rolling without post-XOR flag reinterpretation.	owner	EncodingChanged	S-WIN-CURRENT;S-WIN-191141;V-LBA4-V19	S-WIN-CURRENT;S-LINUX-DWARF;S-REPAIR-2021	P-GOLD-ENC;P-GOLD-NOPWD	Encoding composes independently with producer overlays.	planned:protocol::lba4::data_to_server	UNIMPLEMENTED	COMPLETE	PLANNED	PLANNED	protocol_field_catalog::field_catalog_has_exact_byte_ownership_for_every_profile_state
lba4.connect_server	4	046	046	1	lba4_encoding	ordinary-rolling	CompatibilityField	bConnetServer	Apply official rolling reader; logical flags follow rolling-decoded view.	Serialize through ordinary rolling without post-XOR flag reinterpretation.	owner	EncodingChanged	S-WIN-CURRENT;S-WIN-191141;V-LBA4-V19	S-WIN-CURRENT;S-LINUX-DWARF;S-REPAIR-2021	P-GOLD-ENC;P-GOLD-NOPWD	Encoding composes independently with producer overlays.	planned:protocol::lba4::connect_server	UNIMPLEMENTED	COMPLETE	PLANNED	PLANNED	protocol_field_catalog::field_catalog_has_exact_byte_ownership_for_every_profile_state
lba4.representation_backing	4	047	1fb	437	lba4_encoding	ordinary-rolling	UnownedBacking	Representation carrier/backing	Apply official rolling reader; logical flags follow rolling-decoded view.	Serialize through ordinary rolling without post-XOR flag reinterpretation.	owner	EncodingChanged	S-WIN-CURRENT;S-WIN-191141;V-LBA4-V19	S-WIN-CURRENT;S-LINUX-DWARF;S-REPAIR-2021	P-GOLD-ENC;P-GOLD-NOPWD	Encoding composes independently with producer overlays.	planned:protocol::lba4::representation_backing	UNIMPLEMENTED	COMPLETE	PLANNED	PLANNED	protocol_field_catalog::field_catalog_has_exact_byte_ownership_for_every_profile_state
lba4.trailing_llgb	4	1fc	1ff	4	lba4_encoding	ordinary-rolling	Scalar	Trailing LLGB	Apply official rolling reader; logical flags follow rolling-decoded view.	Serialize through ordinary rolling without post-XOR flag reinterpretation.	owner	EncodingChanged	S-WIN-CURRENT;S-WIN-191141;V-LBA4-V19	S-WIN-CURRENT;S-LINUX-DWARF;S-REPAIR-2021	P-GOLD-ENC;P-GOLD-NOPWD	Encoding composes independently with producer overlays.	planned:protocol::lba4::trailing_llgb	UNIMPLEMENTED	COMPLETE	PLANNED	PLANNED	protocol_field_catalog::field_catalog_has_exact_byte_ownership_for_every_profile_state
lba6.dept_prefix	6	000	03e	63	dept_layout	short	CString	Short Dept C-string/backing.	Decode Dept only from LBA6 C-string.	Write short Dept; preserve LBA9 backing.	owner	OwnershipChanged	S-WIN-CURRENT;S-LINUX-DWARF;S-JOIN59-SEMANTIC	S-WIN-CURRENT;S-FILEOPHOOK-2022;S-JOIN59-SEMANTIC	P-GOLD-ENC	Historical join59 executable provenance is not required for wire semantics.	planned:protocol::lba6::dept_prefix	UNIMPLEMENTED	COMPLETE	PLANNED	PLANNED	protocol_field_catalog::field_catalog_has_exact_byte_ownership_for_every_profile_state
lba6.dept_seam	6	03f	03f	1	dept_layout	short	ProfileSelector	Byte63 post-NUL backing.	Decode Dept only from LBA6 C-string.	Write short Dept; preserve LBA9 backing.	owner	OwnershipChanged	S-WIN-CURRENT;S-LINUX-DWARF;S-JOIN59-SEMANTIC	S-WIN-CURRENT;S-FILEOPHOOK-2022;S-JOIN59-SEMANTIC	P-GOLD-ENC	Exact per-state byte role is closed.	planned:protocol::lba6::dept_seam	UNIMPLEMENTED	COMPLETE	PLANNED	PLANNED	protocol_field_catalog::field_catalog_has_exact_byte_ownership_for_every_profile_state
lba9.dept_continuation	9	080	0ff	128	dept_layout	short	UnownedBacking	Unused continuation backing.	Decode Dept only from LBA6 C-string.	Write short Dept; preserve LBA9 backing.	owner	OwnershipChanged	S-WIN-CURRENT;S-LINUX-DWARF;S-JOIN59-SEMANTIC	S-WIN-CURRENT;S-FILEOPHOOK-2022;S-JOIN59-SEMANTIC	P-GOLD-ENC	Post-NUL backing is not normalized.	planned:protocol::lba9::dept_continuation	UNIMPLEMENTED	COMPLETE	PLANNED	PLANNED	protocol_field_catalog::field_catalog_has_exact_byte_ownership_for_every_profile_state
lba6.dept_prefix	6	000	03e	63	dept_layout	join59	CString	Marker plus Dept[0..58].	Zero seam selects join59; overlay continuation at Dept[59].	Write NUL seam and continuation from Dept[59].	owner	OwnershipChanged	S-WIN-CURRENT;S-LINUX-DWARF;S-JOIN59-SEMANTIC	S-WIN-CURRENT;S-FILEOPHOOK-2022;S-JOIN59-SEMANTIC	P-GOLD-ENC	Historical join59 executable provenance is not required for wire semantics.	planned:protocol::lba6::dept_prefix	UNIMPLEMENTED	COMPLETE	PLANNED	PLANNED	protocol_field_catalog::field_catalog_has_exact_byte_ownership_for_every_profile_state
lba6.dept_seam	6	03f	03f	1	dept_layout	join59	ProfileSelector	Byte63 NUL seam.	Zero seam selects join59; overlay continuation at Dept[59].	Write NUL seam and continuation from Dept[59].	owner	OwnershipChanged	S-WIN-CURRENT;S-LINUX-DWARF;S-JOIN59-SEMANTIC	S-WIN-CURRENT;S-FILEOPHOOK-2022;S-JOIN59-SEMANTIC	P-GOLD-ENC	Exact per-state byte role is closed.	planned:protocol::lba6::dept_seam	UNIMPLEMENTED	COMPLETE	PLANNED	PLANNED	protocol_field_catalog::field_catalog_has_exact_byte_ownership_for_every_profile_state
lba9.dept_continuation	9	080	0ff	128	dept_layout	join59	CString	Continuation begins Dept[59].	Zero seam selects join59; overlay continuation at Dept[59].	Write NUL seam and continuation from Dept[59].	owner	OwnershipChanged	S-WIN-CURRENT;S-LINUX-DWARF;S-JOIN59-SEMANTIC	S-WIN-CURRENT;S-FILEOPHOOK-2022;S-JOIN59-SEMANTIC	P-GOLD-ENC	Post-NUL backing is not normalized.	planned:protocol::lba9::dept_continuation	UNIMPLEMENTED	COMPLETE	PLANNED	PLANNED	protocol_field_catalog::field_catalog_has_exact_byte_ownership_for_every_profile_state
lba6.dept_prefix	6	000	03e	63	dept_layout	join60	CString	Marker plus Dept[0..58].	Nonzero seam selects join60; append at Dept[60].	Write Dept[59] inline and continuation from Dept[60].	owner	OwnershipChanged	S-WIN-CURRENT;S-LINUX-DWARF;S-JOIN59-SEMANTIC	S-WIN-CURRENT;S-FILEOPHOOK-2022;S-JOIN59-SEMANTIC	P-GOLD-ENC	Historical join59 executable provenance is not required for wire semantics.	planned:protocol::lba6::dept_prefix	UNIMPLEMENTED	COMPLETE	PLANNED	PLANNED	protocol_field_catalog::field_catalog_has_exact_byte_ownership_for_every_profile_state
lba6.dept_seam	6	03f	03f	1	dept_layout	join60	ProfileSelector	Byte63 stores Dept[59].	Nonzero seam selects join60; append at Dept[60].	Write Dept[59] inline and continuation from Dept[60].	owner	OwnershipChanged	S-WIN-CURRENT;S-LINUX-DWARF;S-JOIN59-SEMANTIC	S-WIN-CURRENT;S-FILEOPHOOK-2022;S-JOIN59-SEMANTIC	P-GOLD-ENC	Exact per-state byte role is closed.	planned:protocol::lba6::dept_seam	UNIMPLEMENTED	COMPLETE	PLANNED	PLANNED	protocol_field_catalog::field_catalog_has_exact_byte_ownership_for_every_profile_state
lba9.dept_continuation	9	080	0ff	128	dept_layout	join60	CString	Continuation begins Dept[60].	Nonzero seam selects join60; append at Dept[60].	Write Dept[59] inline and continuation from Dept[60].	owner	OwnershipChanged	S-WIN-CURRENT;S-LINUX-DWARF;S-JOIN59-SEMANTIC	S-WIN-CURRENT;S-FILEOPHOOK-2022;S-JOIN59-SEMANTIC	P-GOLD-ENC	Post-NUL backing is not normalized.	planned:protocol::lba9::dept_continuation	UNIMPLEMENTED	COMPLETE	PLANNED	PLANNED	protocol_field_catalog::field_catalog_has_exact_byte_ownership_for_every_profile_state
lba6.mbr_underlay	6	1e0	1ed	14	lba6_mbr_underlay	zero-underlay	UnownedBacking	Post-NUL zero backing.	No independent business consumer.	Keep zero unless preserving legacy snapshot.	owner	OwnershipChanged	S-WIN-CURRENT;S-WIN-191141-LBA6;S-MBR-SNAPSHOT-SEMANTIC	S-WIN-CURRENT;S-WIN-191141-LBA6;S-MBR-SNAPSHOT-SEMANTIC	P-GOLD-ENC;P-GOLD-NOPWD;P-EESI-NETAC	Historical nonzero selector remains provenance only.	planned:protocol::lba6::mbr_underlay	UNIMPLEMENTED	COMPLETE	PLANNED	PLANNED	protocol_field_catalog::field_catalog_has_exact_byte_ownership_for_every_profile_state
lba6.mbr_underlay	6	1e0	1ed	14	lba6_mbr_underlay	legacy-mbr-snapshot	Snapshot	Surviving MBR entry3 bytes tied to LBA12 type4 geometry.	Decode fixed CHS/type prefix plus LE start/count formula.	Preserve existing snapshot; do not synthesize in current writes.	owner	OwnershipChanged	S-WIN-CURRENT;S-WIN-191141-LBA6;S-MBR-SNAPSHOT-SEMANTIC	S-WIN-CURRENT;S-WIN-191141-LBA6;S-MBR-SNAPSHOT-SEMANTIC	P-GOLD-ENC;P-EESI-NETAC	Historical nonzero copy site remains provenance only.	planned:protocol::lba6::mbr_underlay	UNIMPLEMENTED	COMPLETE	PLANNED	PLANNED	protocol_field_catalog::field_catalog_has_exact_byte_ownership_for_every_profile_state
lba7.entry2	7	080	0bf	64	lba7_entry_count	two-entry	CompatibilityField	Absent/zero entry2.	Treat entry2 as absent.	Keep entry2 unused.	owner	AddedRemoved	S-WIN-CURRENT;S-LINUX-DWARF	S-WIN-CURRENT;S-LINUX-DWARF	P-GOLD-ENC;P-GOLD-NOPWD	Entry count is independent from pass-info version.	planned:protocol::lba7::entry2	UNIMPLEMENTED	COMPLETE	PLANNED	PLANNED	protocol_field_catalog::field_catalog_has_exact_byte_ownership_for_every_profile_state
lba7.entry2	7	080	0bf	64	lba7_entry_count	three-entry	PackedStruct	Present packed EDPF entry2.	Decode packed 64-byte entry2.	Serialize entry2.	owner	AddedRemoved	S-WIN-CURRENT;S-LINUX-DWARF	S-WIN-CURRENT;S-LINUX-DWARF	P-GOLD-ENC;P-GOLD-NOPWD	Entry count is independent from pass-info version.	planned:protocol::lba7::entry2	UNIMPLEMENTED	COMPLETE	PLANNED	PLANNED	protocol_field_catalog::field_catalog_has_exact_byte_ownership_for_every_profile_state
lba7.pass_info	7	0c0	0cd	14	lba7_passinfo_version	legacy-v0064	PackedStruct	14-byte LBA7 pass-info legacy-v0064.	Decode named pass-info fields; dormant period units remain uninterpreted.	Serialize selected pass-info version and preserve named dormant bytes.	owner	ProducerChanged	S-WIN-CURRENT;S-LINUX-DWARF	S-WIN-CURRENT;S-LINUX-DWARF	P-GOLD-ENC;P-GOLD-NOPWD	Independent from entry count.	planned:protocol::lba7::pass_info	UNIMPLEMENTED	COMPLETE	PLANNED	PLANNED	protocol_field_catalog::field_catalog_has_exact_byte_ownership_for_every_profile_state
lba7.pass_info	7	0c0	0cd	14	lba7_passinfo_version	current-v0206	PackedStruct	14-byte LBA7 pass-info current-v0206.	Decode named pass-info fields; dormant period units remain uninterpreted.	Serialize selected pass-info version and preserve named dormant bytes.	owner	ProducerChanged	S-WIN-CURRENT;S-LINUX-DWARF	S-WIN-CURRENT;S-LINUX-DWARF	P-GOLD-ENC;P-GOLD-NOPWD	Independent from entry count.	planned:protocol::lba7::pass_info	UNIMPLEMENTED	COMPLETE	PLANNED	PLANNED	protocol_field_catalog::field_catalog_has_exact_byte_ownership_for_every_profile_state
lba8.usb_only_info	8	01e	02d	16	lba8_usb_only_info	current	CompatibilityField	Current main-onlyid text + zero DWORD.	Decode selected compatibility representation; no behavior branch.	Serialize selected representation without coupling other axes.	owner	ProducerChanged	S-WIN-CURRENT;S-WIN-191141	S-WIN-CURRENT;S-WIN-191141;S-LINUX-DWARF	P-GOLD-ENC	Producer generation kept separate from representation.	planned:protocol::lba8::usb_only_info	UNIMPLEMENTED	COMPLETE	PLANNED	PLANNED	protocol_field_catalog::field_catalog_has_exact_byte_ownership_for_every_profile_state
lba8.usb_only_info	8	01e	02d	16	lba8_usb_only_info	transitional-2019	CompatibilityField	Transitional text + host-hardinfo DWORD.	Decode selected compatibility representation; no behavior branch.	Serialize selected representation without coupling other axes.	owner	ProducerChanged	S-WIN-CURRENT;S-WIN-191141	S-WIN-CURRENT;S-WIN-191141;S-LINUX-DWARF	P-GOLD-ENC	Producer generation kept separate from representation.	planned:protocol::lba8::usb_only_info	UNIMPLEMENTED	COMPLETE	PLANNED	PLANNED	protocol_field_catalog::field_catalog_has_exact_byte_ownership_for_every_profile_state
lba8.usb_only_info	8	01e	02d	16	lba8_usb_only_info	strict-legacy-absent	CompatibilityField	Strict legacy absent/zero slot.	Decode selected compatibility representation; no behavior branch.	Serialize selected representation without coupling other axes.	owner	ProducerChanged	S-WIN-CURRENT;S-WIN-191141	S-WIN-CURRENT;S-WIN-191141;S-LINUX-DWARF	P-GOLD-ENC	Producer generation kept separate from representation.	planned:protocol::lba8::usb_only_info	UNIMPLEMENTED	COMPLETE	PLANNED	PLANNED	protocol_field_catalog::field_catalog_has_exact_byte_ownership_for_every_profile_state
lba9.eetu	9	000	07f	128	lba9_eetu	absent-zero	CompatibilityField	Absent EETU/zero state.	No temp-use semantics without EETU magic.	Preserve absent state.	owner	AddedRemoved	S-WIN-CURRENT	S-WIN-CURRENT;S-LINUX-DWARF	P-GOLD-ENC	Independent from upper overlays.	planned:protocol::lba9::eetu	UNIMPLEMENTED	COMPLETE	PLANNED	PLANNED	protocol_field_catalog::field_catalog_has_exact_byte_ownership_for_every_profile_state
lba9.eetu	9	000	07f	128	lba9_eetu	eetu	PackedStruct	EETU time/useCount structure plus reverse backing.	Validate EETU; consume bounds/useCount; preserve reverse backing.	Serialize controls; preserve backing; explicit tail stays zero.	owner	AddedRemoved	S-WIN-CURRENT	S-WIN-CURRENT;S-LINUX-DWARF	P-GOLD-ENC	Reverse bytes are backing, not hidden fields.	planned:protocol::lba9::eetu	UNIMPLEMENTED	COMPLETE	PLANNED	PLANNED	protocol_field_catalog::field_catalog_has_exact_byte_ownership_for_every_profile_state
lba9.upper_zero	9	100	1ff	256	lba9_overlay	zero	UnownedBacking	No active upper-half payload.	Ignore/preserve backing.	Preserve bytes.	owner	OwnershipChanged	S-WIN-CURRENT	S-WIN-CURRENT;S-LINUX-DWARF	P-GOLD-ENC	Explicit ownership state.	planned:protocol::lba9::upper_zero	UNIMPLEMENTED	COMPLETE	PLANNED	PLANNED	protocol_field_catalog::field_catalog_has_exact_byte_ownership_for_every_profile_state
lba9.sapf	9	100	11f	32	lba9_overlay	sapf	PackedStruct	SAPF restore metadata.	Decode SAPF only through +0x11F.	Serialize SAPF restore fields.	owner	OwnershipChanged	S-WIN-CURRENT	S-WIN-CURRENT;S-LINUX-DWARF	P-GOLD-ENC	Profile avoids User/EPPE reinterpretation.	planned:protocol::lba9::sapf	UNIMPLEMENTED	COMPLETE	PLANNED	PLANNED	protocol_field_catalog::field_catalog_has_exact_byte_ownership_for_every_profile_state
lba9.sapf_tail	9	120	1ff	224	lba9_overlay	sapf	UnownedBacking	Backing outside SAPF payload.	Ignore semantic content.	Preserve backing.	owner	OwnershipChanged	S-WIN-CURRENT	S-WIN-CURRENT;S-LINUX-DWARF	P-GOLD-ENC	SAPF consumer stops at +0x11F.	planned:protocol::lba9::sapf_tail	UNIMPLEMENTED	COMPLETE	PLANNED	PLANNED	protocol_field_catalog::field_catalog_has_exact_byte_ownership_for_every_profile_state
lba9.user_continuation	9	100	17f	128	lba9_overlay	long-user	CString	Long User continuation User[28..NUL].	Join User continuation and ignore post-NUL backing.	Write remaining User bytes through NUL.	owner	OwnershipChanged	S-WIN-CURRENT;S-LINUX-DWARF;V-LBA6	S-WIN-CURRENT;S-LINUX-DWARF	MISSING_PHYSICAL	Official virtual positive.	planned:protocol::lba9::user_continuation	UNIMPLEMENTED	COMPLETE	PLANNED	PLANNED	protocol_field_catalog::field_catalog_has_exact_byte_ownership_for_every_profile_state
lba9.long_user_tail	9	180	1ff	128	lba9_overlay	long-user	UnownedBacking	Backing outside long-User payload.	Ignore semantic content.	Preserve backing.	owner	OwnershipChanged	S-WIN-CURRENT;V-LBA6	S-WIN-CURRENT;S-LINUX-DWARF	P-GOLD-ENC	Physical preserve state plus virtual active User.	planned:protocol::lba9::long_user_tail	UNIMPLEMENTED	COMPLETE	PLANNED	PLANNED	protocol_field_catalog::field_catalog_has_exact_byte_ownership_for_every_profile_state
lba9.eppe_pre	9	100	17f	128	lba9_overlay	eppe	UnownedBacking	Backing before EPPE payload.	Ignore semantic content.	Preserve backing.	owner	OwnershipChanged	S-WIN-CURRENT	S-WIN-CURRENT;S-LINUX-DWARF	P-GOLD-ENC	EPPE starts at +0x180.	planned:protocol::lba9::eppe_pre	UNIMPLEMENTED	COMPLETE	PLANNED	PLANNED	protocol_field_catalog::field_catalog_has_exact_byte_ownership_for_every_profile_state
lba9.eppe_magic	9	180	183	4	lba9_overlay	eppe	Scalar	EPPE magic.	Validate EPPE magic.	Write EPPE magic.	owner	OwnershipChanged	S-WIN-CURRENT	S-WIN-CURRENT	P-GOLD-ENC	Canonical COMPLETE semantics; provenance limits remain documented.	planned:protocol::lba9::eppe_magic	UNIMPLEMENTED	COMPLETE	PLANNED	PLANNED	protocol_field_catalog::field_catalog_has_exact_byte_ownership_for_every_profile_state
lba9.eppe_min_len	9	184	187	4	lba9_overlay	eppe	Scalar	Minimum password length.	Decode LE DWORD.	Write validated 6..19 value.	owner	OwnershipChanged	S-WIN-CURRENT	S-WIN-CURRENT	P-GOLD-ENC	Canonical COMPLETE semantics; provenance limits remain documented.	planned:protocol::lba9::eppe_min_len	UNIMPLEMENTED	COMPLETE	PLANNED	PLANNED	protocol_field_catalog::field_catalog_has_exact_byte_ownership_for_every_profile_state
lba9.eppe_zero_tail	9	188	1ff	120	lba9_overlay	eppe	CompatibilityField	EPPE writer-owned zero tail.	No current semantic consumer.	Current producer initializes zero.	owner	OwnershipChanged	S-WIN-CURRENT	S-WIN-CURRENT;S-LINUX-DWARF	P-GOLD-ENC	Canonical COMPLETE semantics; provenance limits remain documented.	planned:protocol::lba9::eppe_zero_tail	UNIMPLEMENTED	COMPLETE	PLANNED	PLANNED	protocol_field_catalog::field_catalog_has_exact_byte_ownership_for_every_profile_state
lba10.absent	10	000	1ff	512	lba10_eesi	absent-zero	CompatibilityField	EESI absent-zero profile.	Do not interpret EESI without magic.	Preserve absent profile.	owner	AddedRemoved	S-EESI-361018	S-EESI-361018	P-GOLD-ENC;P-GOLD-NOPWD	General census covers absent state.	planned:protocol::lba10::absent	UNIMPLEMENTED	COMPLETE	PLANNED	PLANNED	protocol_field_catalog::field_catalog_has_exact_byte_ownership_for_every_profile_state
lba10.eesi_magic	10	000	003	4	lba10_eesi	eesi-enabled	Scalar	EESI magic	Decrypt/interpret first 0x80; preserve tail.	SetEESI owns first 0x80 and preserves tail.	owner	AddedRemoved	S-EESI-361018	S-EESI-361018	P-EESI-NETAC	Authentic pre-write enabled capture.	planned:protocol::lba10::eesi_magic	UNIMPLEMENTED	COMPLETE	PLANNED	PLANNED	protocol_field_catalog::field_catalog_has_exact_byte_ownership_for_every_profile_state
lba10.suspension_flag	10	004	007	4	lba10_eesi	eesi-enabled	Scalar	UsbSuspensionWnd flag	Decrypt/interpret first 0x80; preserve tail.	SetEESI owns first 0x80 and preserves tail.	owner	AddedRemoved	S-EESI-361018	S-EESI-361018	P-EESI-NETAC	Authentic pre-write enabled capture.	planned:protocol::lba10::suspension_flag	UNIMPLEMENTED	COMPLETE	PLANNED	PLANNED	protocol_field_catalog::field_catalog_has_exact_byte_ownership_for_every_profile_state
lba10.share_label	10	008	017	16	lba10_eesi	eesi-enabled	CString	Type2 label	Decrypt/interpret first 0x80; preserve tail.	SetEESI owns first 0x80 and preserves tail.	owner	AddedRemoved	S-EESI-361018	S-EESI-361018	P-EESI-NETAC	Authentic pre-write enabled capture.	planned:protocol::lba10::share_label	UNIMPLEMENTED	COMPLETE	PLANNED	PLANNED	protocol_field_catalog::field_catalog_has_exact_byte_ownership_for_every_profile_state
lba10.encrypt_label	10	018	027	16	lba10_eesi	eesi-enabled	CString	Type4 label	Decrypt/interpret first 0x80; preserve tail.	SetEESI owns first 0x80 and preserves tail.	owner	AddedRemoved	S-EESI-361018	S-EESI-361018	P-EESI-NETAC	Authentic pre-write enabled capture.	planned:protocol::lba10::encrypt_label	UNIMPLEMENTED	COMPLETE	PLANNED	PLANNED	protocol_field_catalog::field_catalog_has_exact_byte_ownership_for_every_profile_state
lba10.extension	10	028	07f	88	lba10_eesi	eesi-enabled	CompatibilityField	Caller extension	Decrypt/interpret first 0x80; preserve tail.	SetEESI owns first 0x80 and preserves tail.	owner	AddedRemoved	S-EESI-361018	S-EESI-361018	P-EESI-NETAC	Authentic pre-write enabled capture.	planned:protocol::lba10::extension	UNIMPLEMENTED	COMPLETE	PLANNED	PLANNED	protocol_field_catalog::field_catalog_has_exact_byte_ownership_for_every_profile_state
lba10.tail	10	080	1ff	384	lba10_eesi	eesi-enabled	UnownedBacking	Preserve/ignore tail	Decrypt/interpret first 0x80; preserve tail.	SetEESI owns first 0x80 and preserves tail.	owner	AddedRemoved	S-EESI-361018	S-EESI-361018	P-EESI-NETAC	Authentic pre-write enabled capture.	planned:protocol::lba10::tail	UNIMPLEMENTED	COMPLETE	PLANNED	PLANNED	protocol_field_catalog::field_catalog_has_exact_byte_ownership_for_every_profile_state
lba11.drkb_magic	11	000	003	4	lba11_capacity	disk-size	Scalar	DRKB magic	Derive crypto key using DISK_GEOMETRY_EX.DiskSize; decode canonical field.	Build sector using DISK_GEOMETRY_EX.DiskSize.	owner	ProducerChanged	S-WIN-CURRENT;S-LINUX-DWARF	S-WIN-CURRENT;S-LINUX-DWARF	P-GOLD-ENC	Writer path selects capacity algorithm.	planned:protocol::lba11::drkb_magic	UNIMPLEMENTED	COMPLETE	PLANNED	PLANNED	protocol_field_catalog::field_catalog_has_exact_byte_ownership_for_every_profile_state
lba11.random252	11	004	0ff	252	lba11_capacity	disk-size	EncryptedRegion	252-byte random key material	Derive crypto key using DISK_GEOMETRY_EX.DiskSize; decode canonical field.	Build sector using DISK_GEOMETRY_EX.DiskSize.	owner	ProducerChanged	S-WIN-CURRENT;S-LINUX-DWARF	S-WIN-CURRENT;S-LINUX-DWARF	P-GOLD-ENC	Writer path selects capacity algorithm.	planned:protocol::lba11::random252	UNIMPLEMENTED	COMPLETE	PLANNED	PLANNED	protocol_field_catalog::field_catalog_has_exact_byte_ownership_for_every_profile_state
lba11.pdkb_magic	11	100	103	4	lba11_capacity	disk-size	Scalar	PDKB magic	Derive crypto key using DISK_GEOMETRY_EX.DiskSize; decode canonical field.	Build sector using DISK_GEOMETRY_EX.DiskSize.	owner	ProducerChanged	S-WIN-CURRENT;S-LINUX-DWARF	S-WIN-CURRENT;S-LINUX-DWARF	P-GOLD-ENC	Writer path selects capacity algorithm.	planned:protocol::lba11::pdkb_magic	UNIMPLEMENTED	COMPLETE	PLANNED	PLANNED	protocol_field_catalog::field_catalog_has_exact_byte_ownership_for_every_profile_state
lba11.uid_payload	11	104	1ff	252	lba11_capacity	disk-size	EncryptedRegion	Encrypted UID + zero fill	Derive crypto key using DISK_GEOMETRY_EX.DiskSize; decode canonical field.	Build sector using DISK_GEOMETRY_EX.DiskSize.	owner	ProducerChanged	S-WIN-CURRENT;S-LINUX-DWARF	S-WIN-CURRENT;S-LINUX-DWARF	P-GOLD-ENC	Writer path selects capacity algorithm.	planned:protocol::lba11::uid_payload	UNIMPLEMENTED	COMPLETE	PLANNED	PLANNED	protocol_field_catalog::field_catalog_has_exact_byte_ownership_for_every_profile_state
lba11.drkb_magic	11	000	003	4	lba11_capacity	repair-chs	Scalar	DRKB magic	Derive crypto key using CHS capacity product; decode canonical field.	Build sector using CHS capacity product.	owner	ProducerChanged	S-WIN-CURRENT;S-LINUX-DWARF	S-WIN-CURRENT;S-LINUX-DWARF	P-GOLD-ENC	Writer path selects capacity algorithm.	planned:protocol::lba11::drkb_magic	UNIMPLEMENTED	COMPLETE	PLANNED	PLANNED	protocol_field_catalog::field_catalog_has_exact_byte_ownership_for_every_profile_state
lba11.random252	11	004	0ff	252	lba11_capacity	repair-chs	EncryptedRegion	252-byte random key material	Derive crypto key using CHS capacity product; decode canonical field.	Build sector using CHS capacity product.	owner	ProducerChanged	S-WIN-CURRENT;S-LINUX-DWARF	S-WIN-CURRENT;S-LINUX-DWARF	P-GOLD-ENC	Writer path selects capacity algorithm.	planned:protocol::lba11::random252	UNIMPLEMENTED	COMPLETE	PLANNED	PLANNED	protocol_field_catalog::field_catalog_has_exact_byte_ownership_for_every_profile_state
lba11.pdkb_magic	11	100	103	4	lba11_capacity	repair-chs	Scalar	PDKB magic	Derive crypto key using CHS capacity product; decode canonical field.	Build sector using CHS capacity product.	owner	ProducerChanged	S-WIN-CURRENT;S-LINUX-DWARF	S-WIN-CURRENT;S-LINUX-DWARF	P-GOLD-ENC	Writer path selects capacity algorithm.	planned:protocol::lba11::pdkb_magic	UNIMPLEMENTED	COMPLETE	PLANNED	PLANNED	protocol_field_catalog::field_catalog_has_exact_byte_ownership_for_every_profile_state
lba11.uid_payload	11	104	1ff	252	lba11_capacity	repair-chs	EncryptedRegion	Encrypted UID + zero fill	Derive crypto key using CHS capacity product; decode canonical field.	Build sector using CHS capacity product.	owner	ProducerChanged	S-WIN-CURRENT;S-LINUX-DWARF	S-WIN-CURRENT;S-LINUX-DWARF	P-GOLD-ENC	Writer path selects capacity algorithm.	planned:protocol::lba11::uid_payload	UNIMPLEMENTED	COMPLETE	PLANNED	PLANNED	protocol_field_catalog::field_catalog_has_exact_byte_ownership_for_every_profile_state
lba12.edpf_table	12	000	11f	288	lba12_mode	legacy-v0064	EncryptedRegion	3x96B EDPF table; key mode legacy-v0064 compatibility.	Decrypt table under legacy-v0064.	Serialize table under legacy-v0064.	owner	EncodingChanged	S-WIN-CURRENT;S-LINUX-DWARF	S-WIN-CURRENT;S-LINUX-DWARF	P-GOLD-ENC;P-GOLD-NOPWD	Virtual mode1/mode3 remains explicitly virtual.	planned:protocol::lba12::edpf_table	UNIMPLEMENTED	COMPLETE	PLANNED	PLANNED	protocol_field_catalog::field_catalog_has_exact_byte_ownership_for_every_profile_state
lba12.pass_info	12	120	12d	14	lba12_mode	legacy-v0064	PackedStruct	14-byte pass-info.	Decode named pass-info fields.	Serialize selected mode/version pass-info.	owner	EncodingChanged	S-WIN-CURRENT;S-LINUX-DWARF	S-WIN-CURRENT;S-LINUX-DWARF	P-GOLD-ENC;P-GOLD-NOPWD	Pass-info is inside continuous sector encryption.	planned:protocol::lba12::pass_info	UNIMPLEMENTED	COMPLETE	PLANNED	PLANNED	protocol_field_catalog::field_catalog_has_exact_byte_ownership_for_every_profile_state
lba12.zero_padding	12	12e	1ff	210	lba12_mode	legacy-v0064	CompatibilityField	Post-table zero plaintext inside cipher stream.	Decrypt then require writer-zero compatibility region.	Zero plaintext before whole-sector encryption.	owner	EncodingChanged	S-WIN-CURRENT;S-LINUX-DWARF	S-WIN-CURRENT;S-LINUX-DWARF	P-GOLD-ENC;P-GOLD-NOPWD	Tail is encrypted, never raw.	planned:protocol::lba12::zero_padding	UNIMPLEMENTED	COMPLETE	PLANNED	PLANNED	protocol_field_catalog::field_catalog_has_exact_byte_ownership_for_every_profile_state
lba12.edpf_table	12	000	11f	288	lba12_mode	mode1	EncryptedRegion	3x96B EDPF table; key mode A7F0/A6B0.	Decrypt table under mode1.	Serialize table under mode1.	owner	EncodingChanged	S-WIN-CURRENT;S-LINUX-DWARF;V-LBA12	S-WIN-CURRENT;S-LINUX-DWARF	MISSING_PHYSICAL	Virtual mode1/mode3 remains explicitly virtual.	planned:protocol::lba12::edpf_table	UNIMPLEMENTED	COMPLETE	PLANNED	PLANNED	protocol_field_catalog::field_catalog_has_exact_byte_ownership_for_every_profile_state
lba12.pass_info	12	120	12d	14	lba12_mode	mode1	PackedStruct	14-byte pass-info.	Decode named pass-info fields.	Serialize selected mode/version pass-info.	owner	EncodingChanged	S-WIN-CURRENT;S-LINUX-DWARF;V-LBA12	S-WIN-CURRENT;S-LINUX-DWARF	MISSING_PHYSICAL	Pass-info is inside continuous sector encryption.	planned:protocol::lba12::pass_info	UNIMPLEMENTED	COMPLETE	PLANNED	PLANNED	protocol_field_catalog::field_catalog_has_exact_byte_ownership_for_every_profile_state
lba12.zero_padding	12	12e	1ff	210	lba12_mode	mode1	CompatibilityField	Post-table zero plaintext inside cipher stream.	Decrypt then require writer-zero compatibility region.	Zero plaintext before whole-sector encryption.	owner	EncodingChanged	S-WIN-CURRENT;S-LINUX-DWARF;V-LBA12	S-WIN-CURRENT;S-LINUX-DWARF	MISSING_PHYSICAL	Tail is encrypted, never raw.	planned:protocol::lba12::zero_padding	UNIMPLEMENTED	COMPLETE	PLANNED	PLANNED	protocol_field_catalog::field_catalog_has_exact_byte_ownership_for_every_profile_state
lba12.edpf_table	12	000	11f	288	lba12_mode	mode2	EncryptedRegion	3x96B EDPF table; key mode SM4-ECB.	Decrypt table under mode2.	Serialize table under mode2.	owner	EncodingChanged	S-WIN-CURRENT;S-LINUX-DWARF;V-LBA12	S-WIN-CURRENT;S-LINUX-DWARF	P-GOLD-ENC;P-GOLD-NOPWD	Virtual mode1/mode3 remains explicitly virtual.	planned:protocol::lba12::edpf_table	UNIMPLEMENTED	COMPLETE	PLANNED	PLANNED	protocol_field_catalog::field_catalog_has_exact_byte_ownership_for_every_profile_state
lba12.pass_info	12	120	12d	14	lba12_mode	mode2	PackedStruct	14-byte pass-info.	Decode named pass-info fields.	Serialize selected mode/version pass-info.	owner	EncodingChanged	S-WIN-CURRENT;S-LINUX-DWARF;V-LBA12	S-WIN-CURRENT;S-LINUX-DWARF	P-GOLD-ENC;P-GOLD-NOPWD	Pass-info is inside continuous sector encryption.	planned:protocol::lba12::pass_info	UNIMPLEMENTED	COMPLETE	PLANNED	PLANNED	protocol_field_catalog::field_catalog_has_exact_byte_ownership_for_every_profile_state
lba12.zero_padding	12	12e	1ff	210	lba12_mode	mode2	CompatibilityField	Post-table zero plaintext inside cipher stream.	Decrypt then require writer-zero compatibility region.	Zero plaintext before whole-sector encryption.	owner	EncodingChanged	S-WIN-CURRENT;S-LINUX-DWARF;V-LBA12	S-WIN-CURRENT;S-LINUX-DWARF	P-GOLD-ENC;P-GOLD-NOPWD	Tail is encrypted, never raw.	planned:protocol::lba12::zero_padding	UNIMPLEMENTED	COMPLETE	PLANNED	PLANNED	protocol_field_catalog::field_catalog_has_exact_byte_ownership_for_every_profile_state
lba12.edpf_table	12	000	11f	288	lba12_mode	mode3	EncryptedRegion	3x96B EDPF table; key mode AES-128-ECB.	Decrypt table under mode3.	Serialize table under mode3.	owner	EncodingChanged	S-WIN-CURRENT;S-LINUX-DWARF;V-LBA12	S-WIN-CURRENT;S-LINUX-DWARF	MISSING_PHYSICAL	Virtual mode1/mode3 remains explicitly virtual.	planned:protocol::lba12::edpf_table	UNIMPLEMENTED	COMPLETE	PLANNED	PLANNED	protocol_field_catalog::field_catalog_has_exact_byte_ownership_for_every_profile_state
lba12.pass_info	12	120	12d	14	lba12_mode	mode3	PackedStruct	14-byte pass-info.	Decode named pass-info fields.	Serialize selected mode/version pass-info.	owner	EncodingChanged	S-WIN-CURRENT;S-LINUX-DWARF;V-LBA12	S-WIN-CURRENT;S-LINUX-DWARF	MISSING_PHYSICAL	Pass-info is inside continuous sector encryption.	planned:protocol::lba12::pass_info	UNIMPLEMENTED	COMPLETE	PLANNED	PLANNED	protocol_field_catalog::field_catalog_has_exact_byte_ownership_for_every_profile_state
lba12.zero_padding	12	12e	1ff	210	lba12_mode	mode3	CompatibilityField	Post-table zero plaintext inside cipher stream.	Decrypt then require writer-zero compatibility region.	Zero plaintext before whole-sector encryption.	owner	EncodingChanged	S-WIN-CURRENT;S-LINUX-DWARF;V-LBA12	S-WIN-CURRENT;S-LINUX-DWARF	MISSING_PHYSICAL	Tail is encrypted, never raw.	planned:protocol::lba12::zero_padding	UNIMPLEMENTED	COMPLETE	PLANNED	PLANNED	protocol_field_catalog::field_catalog_has_exact_byte_ownership_for_every_profile_state
overlay.lba4.second_key_source	4	01c	01f	4	lba4_second_key_source	current-main-onlyid	CompatibilityField	Second key reuses main onlyid.	Overlay annotation; owner is lba4_encoding.	Producer source changes only.	overlay	ProducerChanged	S-WIN-CURRENT;S-WIN-191141	S-WIN-CURRENT	P-GOLD-ENC	Composes with either encoding.	planned:protocol::profile::lba4_second_key_source	UNIMPLEMENTED	COMPLETE	PLANNED	PLANNED	protocol_field_catalog::field_catalog_has_exact_byte_ownership_for_every_profile_state
overlay.lba4.second_key_source	4	01c	01f	4	lba4_second_key_source	legacy-guid-crc	CompatibilityField	Second key comes from independent GUID CRC.	Overlay annotation; owner is lba4_encoding.	Producer source changes only.	overlay	ProducerChanged	S-WIN-CURRENT;S-WIN-191141	S-WIN-CURRENT	P-GOLD-ENC	Composes with either encoding.	planned:protocol::profile::lba4_second_key_source	UNIMPLEMENTED	COMPLETE	PLANNED	PLANNED	protocol_field_catalog::field_catalog_has_exact_byte_ownership_for_every_profile_state
overlay.lba4.hserial_source	4	020	033	20	lba4_hserial_source	current-zero	CompatibilityField	Current HSerial vector is zero.	Overlay annotation; owner is lba4_encoding.	Zero/caller producer varies independently.	overlay	ProducerChanged	S-WIN-CURRENT;S-WIN-191141;V-LBA4-V19	S-WIN-191141;S-BUS-2020	P-GOLD-ENC;P-GOLD-NOPWD	Caller value-generation algorithm is not invented.	planned:protocol::profile::lba4_hserial_source	UNIMPLEMENTED	COMPLETE	PLANNED	PLANNED	protocol_field_catalog::field_catalog_has_exact_byte_ownership_for_every_profile_state
overlay.lba4.hserial_source	4	020	033	20	lba4_hserial_source	legacy-caller-vector	CompatibilityField	Legacy ABI carries caller HSerial[5].	Overlay annotation; owner is lba4_encoding.	Zero/caller producer varies independently.	overlay	ProducerChanged	S-WIN-CURRENT;S-WIN-191141;V-LBA4-V19	S-WIN-191141;S-BUS-2020	P-GOLD-ENC;P-GOLD-NOPWD	Caller value-generation algorithm is not invented.	planned:protocol::profile::lba4_hserial_source	UNIMPLEMENTED	COMPLETE	PLANNED	PLANNED	protocol_field_catalog::field_catalog_has_exact_byte_ownership_for_every_profile_state
overlay.host_hardinfo.lba4	4	035	038	4	host_hardinfo_source	current-zero	CompatibilityField	Current host-hardinfo is zero.	Overlay annotation; semantic owner is base/LBA4 encoding.	Producer axis is independent of LBA4 encoding and UsbOnlyInfo.	overlay	ProducerChanged	S-WIN-CURRENT;S-WIN-191141	S-WIN-CURRENT;S-WIN-191141	P-GOLD-ENC	Cross-LBA mirror is independent.	planned:protocol::profile::host_hardinfo_source	UNIMPLEMENTED	COMPLETE	PLANNED	PLANNED	protocol_field_catalog::field_catalog_has_exact_byte_ownership_for_every_profile_state
overlay.host_hardinfo.lba8	8	014	017	4	host_hardinfo_source	current-zero	CompatibilityField	Current host-hardinfo is zero.	Overlay annotation; semantic owner is base/LBA4 encoding.	Producer axis is independent of LBA4 encoding and UsbOnlyInfo.	overlay	ProducerChanged	S-WIN-CURRENT;S-WIN-191141	S-WIN-CURRENT;S-WIN-191141	P-GOLD-ENC	Cross-LBA mirror is independent.	planned:protocol::profile::host_hardinfo_source	UNIMPLEMENTED	COMPLETE	PLANNED	PLANNED	protocol_field_catalog::field_catalog_has_exact_byte_ownership_for_every_profile_state
overlay.host_hardinfo.lba4	4	035	038	4	host_hardinfo_source	legacy-host-identity	CompatibilityField	Historical host DiskNumber/DeviceNumber-derived identity.	Overlay annotation; semantic owner is base/LBA4 encoding.	Producer axis is independent of LBA4 encoding and UsbOnlyInfo.	overlay	ProducerChanged	S-WIN-CURRENT;S-WIN-191141	S-WIN-CURRENT;S-WIN-191141	P-GOLD-ENC	Cross-LBA mirror is independent.	planned:protocol::profile::host_hardinfo_source	UNIMPLEMENTED	COMPLETE	PLANNED	PLANNED	protocol_field_catalog::field_catalog_has_exact_byte_ownership_for_every_profile_state
overlay.host_hardinfo.lba8	8	014	017	4	host_hardinfo_source	legacy-host-identity	CompatibilityField	Historical host DiskNumber/DeviceNumber-derived identity.	Overlay annotation; semantic owner is base/LBA4 encoding.	Producer axis is independent of LBA4 encoding and UsbOnlyInfo.	overlay	ProducerChanged	S-WIN-CURRENT;S-WIN-191141	S-WIN-CURRENT;S-WIN-191141	P-GOLD-ENC	Cross-LBA mirror is independent.	planned:protocol::profile::host_hardinfo_source	UNIMPLEMENTED	COMPLETE	PLANNED	PLANNED	protocol_field_catalog::field_catalog_has_exact_byte_ownership_for_every_profile_state
